date,total_cases,new_cases,total_deaths,new_deaths,new_tests,total_tests,positive rate,reproduction rate,total_cases_per_million,new_cases_per_million,total_deaths_per_million,new_deaths_per_million,total_vaccinations,people_fully_vaccinated
2020-01-21,,,,,,11,,,,,,,,
2020-01-22,1,,,,5,16,0,,0.02,,,,,
2020-01-23,1,0,,,,,,,0.02,0,,,,
2020-01-24,2,1,,,,25,,,0.039,0.02,,,,
2020-01-25,2,0,,,,,,,0.039,0,,,,
2020-01-26,3,1,,,,48,,,0.059,0.02,,,,
2020-01-27,4,1,,,9,57,0.111,,0.078,0.02,,,,
2020-01-28,4,0,,,130,187,0,,0.078,0,,,,
2020-01-29,4,0,,,,,,,0.078,0,,,,
2020-01-30,4,0,,,,244,,,0.078,0,,,,
2020-01-31,11,7,,,,,,,0.215,0.137,,,,
2020-02-01,12,1,,,,371,,,0.234,0.02,,,,
2020-02-02,15,3,,,58,429,0.052,,0.293,0.059,,,,
2020-02-03,15,0,,,,,,,0.293,0,,,,
2020-02-04,16,1,,,,607,,,0.312,0.02,,,,
2020-02-05,19,3,,,107,714,0.028,,0.371,0.059,,,,
2020-02-06,23,4,,,171,885,0.023,,0.449,0.078,,,,
2020-02-07,24,1,,,245,1130,0.004,,0.468,0.02,,,,
2020-02-08,24,0,,,571,1701,0,,0.468,0,,,,
2020-02-09,25,1,,,639,2340,0.002,,0.488,0.02,,,,
2020-02-10,27,2,,,436,2776,0.005,,0.527,0.039,,,,
2020-02-11,28,1,,,853,3629,0.001,,0.546,0.02,,,,
2020-02-12,28,0,,,1445,5074,0,,0.546,0,,,,
2020-02-13,28,0,,,723,5797,0,,0.546,0,,,,
2020-02-14,28,0,,,1057,6854,0,,0.546,0,,,,
2020-02-15,28,0,,,665,7519,0,,0.546,0,,,,
2020-02-16,29,1,,,400,7919,0.003,,0.566,0.02,,,,
2020-02-17,30,1,,,252,8171,0.004,,0.585,0.02,,,,
2020-02-18,31,1,,,1094,9265,0.001,,0.605,0.02,,,,
2020-02-19,31,0,,,1146,10411,0,,0.605,0,,,,
2020-02-20,104,73,1,1,1750,12161,0.042,,2.029,1.424,0.02,0.02,,
2020-02-21,204,100,2,1,2655,14816,0.038,6.7,3.979,1.95,0.039,0.02,,
2020-02-22,433,229,2,0,4805,19621,0.048,6.74,8.446,4.467,0.039,0,,
2020-02-23,602,169,6,4,3012,22633,0.056,4.14,11.742,3.296,0.117,0.078,,
2020-02-24,833,231,8,2,5982,28615,0.039,3.26,16.248,4.506,0.156,0.039,,
2020-02-25,977,144,10,2,8101,36716,0.018,2.4,19.056,2.809,0.195,0.039,,
2020-02-26,1261,284,12,2,9411,46127,0.03,2.86,24.596,5.539,0.234,0.039,,
2020-02-27,1766,505,13,1,11863,57990,0.043,3.42,34.446,9.85,0.254,0.02,,
2020-02-28,2337,571,13,0,12950,70940,0.044,3.17,45.583,11.137,0.254,0,,
2020-02-29,3150,813,16,3,14753,85693,0.055,3,61.44,15.857,0.312,0.059,,
2020-03-01,3736,586,17,1,11292,96985,0.052,2.17,72.87,11.43,0.332,0.02,,
2020-03-02,4335,599,28,11,12606,109591,0.048,1.86,84.554,11.683,0.546,0.215,,
2020-03-03,5186,851,28,0,16260,125851,0.052,1.82,101.152,16.599,0.546,0,,
2020-03-04,5621,435,35,7,10856,136707,0.04,1.24,109.637,8.485,0.683,0.137,,
2020-03-05,6088,467,35,0,9834,146541,0.047,1.09,118.746,9.109,0.683,0,,
2020-03-06,6593,505,42,7,18199,164740,0.028,1.04,128.596,9.85,0.819,0.137,,
2020-03-07,7041,448,44,2,13449,178189,0.033,0.89,137.334,8.738,0.858,0.039,,
2020-03-08,7314,273,50,6,10329,188518,0.026,0.63,142.659,5.325,0.975,0.117,,
2020-03-09,7478,164,53,3,8100,196618,0.02,0.43,145.858,3.199,1.034,0.059,,
2020-03-10,7513,35,54,1,13526,210144,0.003,0.31,146.54,0.683,1.053,0.02,,
2020-03-11,7755,242,60,6,12251,222395,0.02,0.51,151.26,4.72,1.17,0.117,,
2020-03-12,7869,114,66,6,,,,0.4,153.484,2.224,1.287,0.117,,
2020-03-13,7979,110,66,0,,230707,,0.38,155.63,2.146,1.287,0,,
2020-03-14,8086,107,72,6,,,,0.38,157.717,2.087,1.404,0.117,,
2020-03-15,8162,76,75,3,,,,0.34,159.199,1.482,1.463,0.059,,
2020-03-16,8236,74,75,0,,259533,,0.37,160.642,1.443,1.463,0,,
2020-03-17,8320,84,81,6,,,,0.44,162.281,1.638,1.58,0.117,,
2020-03-18,8413,93,84,3,,,,0.55,164.095,1.814,1.638,0.059,,
2020-03-19,8565,152,91,7,,291120,,0.72,167.059,2.965,1.775,0.137,,
2020-03-20,8652,87,94,3,10019,301139,0.009,0.66,168.756,1.697,1.833,0.059,,
2020-03-21,8799,147,102,8,10666,311805,0.014,0.81,171.624,2.867,1.989,0.156,,
2020-03-22,8961,162,111,9,5435,317240,0.03,0.79,174.783,3.16,2.165,0.176,,
2020-03-23,8961,0,111,0,7168,324408,0,0.38,174.783,0,2.165,0,,
2020-03-24,9037,76,120,9,8734,333142,0.009,0.56,176.266,1.482,2.341,0.176,,
2020-03-25,9137,100,126,6,10476,343618,0.01,0.74,178.216,1.95,2.458,0.117,,
2020-03-26,9241,104,131,5,6955,350573,0.015,0.82,180.245,2.029,2.555,0.098,,
2020-03-27,9332,91,139,8,11169,361742,0.008,0.86,182.02,1.775,2.711,0.156,,
2020-03-28,9478,146,144,5,9619,371361,0.015,1.05,184.867,2.848,2.809,0.098,,
2020-03-29,9583,105,152,8,,,,0.91,186.915,2.048,2.965,0.156,,
2020-03-30,9661,78,158,6,,381663,,0.82,188.437,1.521,3.082,0.117,,
2020-03-31,9786,125,162,4,12009,393672,0.01,0.97,190.875,2.438,3.16,0.078,,
2020-04-01,9887,101,165,3,11290,404962,0.009,0.89,192.845,1.97,3.218,0.059,,
2020-04-02,9976,89,169,4,8896,413858,0.01,0.83,194.581,1.736,3.296,0.078,,
2020-04-03,10062,86,174,5,10507,424365,0.008,0.81,196.258,1.677,3.394,0.098,,
2020-04-04,10156,94,177,3,,,,0.82,198.092,1.833,3.452,0.059,,
2020-04-05,10237,81,183,6,,441662,,0.73,199.672,1.58,3.569,0.117,,
2020-04-06,10284,47,186,3,5847,447509,0.008,0.56,200.588,0.917,3.628,0.059,,
2020-04-07,10331,47,192,6,9145,456654,0.005,0.54,201.505,0.917,3.745,0.117,,
2020-04-08,10384,53,200,8,11491,468145,0.005,0.56,202.539,1.034,3.901,0.156,,
2020-04-09,10423,39,204,4,11057,479202,0.004,0.48,203.3,0.761,3.979,0.078,,
2020-04-10,10450,27,208,4,8551,487753,0.003,0.42,203.826,0.527,4.057,0.078,,
2020-04-11,10480,30,211,3,8656,496409,0.003,0.44,204.411,0.585,4.116,0.059,,
2020-04-12,10512,32,214,3,4424,500833,0.007,0.48,205.035,0.624,4.174,0.059,,
2020-04-13,10537,25,217,3,4519,505352,0.006,0.46,205.523,0.488,4.233,0.059,,
2020-04-14,10564,27,222,5,7435,512787,0.004,0.49,206.05,0.527,4.33,0.098,,
2020-04-15,10591,27,225,3,6739,519526,0.004,0.51,206.576,0.527,4.389,0.059,,
2020-04-16,10613,22,229,4,4981,524507,0.004,0.48,207.005,0.429,4.467,0.078,,
2020-04-17,10635,22,230,1,7770,532277,0.003,0.48,207.435,0.429,4.486,0.02,,
2020-04-18,10653,18,232,2,,,,0.42,207.786,0.351,4.525,0.039,,
2020-04-19,10661,8,234,2,,546866,,0.32,207.942,0.156,4.564,0.039,,
2020-04-20,10674,13,236,2,4188,551054,0.003,0.36,208.195,0.254,4.603,0.039,,
2020-04-21,10683,9,237,1,7239,558293,0.001,0.35,208.371,0.176,4.623,0.02,,
2020-04-22,10694,11,238,1,7545,565838,0.001,0.42,208.585,0.215,4.642,0.02,,
2020-04-23,10708,14,240,2,7994,573832,0.002,0.49,208.858,0.273,4.681,0.039,,
2020-04-24,10718,10,240,0,6088,579920,0.002,0.47,209.053,0.195,4.681,0,,
2020-04-25,10728,10,242,2,,,,0.49,209.249,0.195,4.72,0.039,,
2020-04-26,10738,10,243,1,,,,0.54,209.444,0.195,4.74,0.02,,
2020-04-27,10752,14,244,1,,592765,,0.63,209.717,0.273,4.759,0.02,,
2020-04-28,10761,9,246,2,6546,599311,0.001,0.51,209.892,0.176,4.798,0.039,,
2020-04-29,10765,4,247,1,6579,605890,0.001,0.4,209.97,0.078,4.818,0.02,,
2020-04-30,10774,9,248,1,,,,0.54,210.146,0.176,4.837,0.02,,
2020-05-01,10780,6,250,2,,614384,,0.56,210.263,0.117,4.876,0.039,,
2020-05-02,10793,13,250,0,4682,619066,0.003,0.77,210.516,0.254,4.876,0,,
2020-05-03,10801,8,252,2,3319,622385,0.002,0.6,210.672,0.156,4.915,0.039,,
2020-05-04,10804,3,254,2,3360,625745,0.001,0.39,210.731,0.059,4.954,0.039,,
2020-05-05,10806,2,255,1,5634,631379,0,0.39,210.77,0.039,4.974,0.02,,
2020-05-06,10810,4,256,1,3707,635086,0.001,0.67,210.848,0.078,4.993,0.02,,
2020-05-07,10822,12,256,0,5873,640959,0.002,1.34,211.082,0.234,4.993,0,,
2020-05-08,10840,18,256,0,5037,645996,0.004,1.96,211.433,0.351,4.993,0,,
2020-05-09,10874,34,256,0,4881,650877,0.007,2.62,212.096,0.663,4.993,0,,
2020-05-10,10909,35,256,0,,,,2.34,212.779,0.683,4.993,0,,
2020-05-11,10936,27,258,2,,657570,,1.79,213.306,0.527,5.032,0.039,,
2020-05-12,10962,26,259,1,6990,664560,0.004,1.53,213.813,0.507,5.052,0.02,,
2020-05-13,10991,29,260,1,11781,676341,0.002,1.43,214.378,0.566,5.071,0.02,,
2020-05-14,11018,27,260,0,14421,690762,0.002,1.24,214.905,0.527,5.071,0,,
2020-05-15,11037,19,262,2,16110,706872,0.001,0.94,215.276,0.371,5.11,0.039,,
2020-05-16,11050,13,262,0,,,,0.76,215.529,0.254,5.11,0,,
2020-05-17,11065,15,263,1,,729993,,0.79,215.822,0.293,5.13,0.02,,
2020-05-18,11078,13,263,0,7125,737118,0.002,0.87,216.075,0.254,5.13,0,,
2020-05-19,11110,32,263,0,11531,748649,0.003,1.25,216.699,0.624,5.13,0,,
2020-05-20,11122,12,264,1,11433,760082,0.001,0.9,216.933,0.234,5.149,0.02,,
2020-05-21,11142,20,264,0,10513,770595,0.002,1.03,217.324,0.39,5.149,0,,
2020-05-22,11165,23,266,2,11537,782132,0.002,1.14,217.772,0.449,5.188,0.039,,
2020-05-23,11190,25,266,0,10719,792851,0.002,1.16,218.26,0.488,5.188,0,,
2020-05-24,11206,16,267,1,,,,1.03,218.572,0.312,5.208,0.02,,
2020-05-25,11225,19,269,2,,807348,,1.27,218.942,0.371,5.247,0.039,,
2020-05-26,11265,40,269,0,10083,817431,0.004,1.97,219.723,0.78,5.247,0,,
2020-05-27,11344,79,269,0,14384,831815,0.005,2.61,221.264,1.541,5.247,0,,
2020-05-28,11402,58,269,0,14481,846296,0.004,1.93,222.395,1.131,5.247,0,,
2020-05-29,11441,39,269,0,14267,860563,0.003,1.32,223.155,0.761,5.247,0,,
2020-05-30,11468,27,270,1,16040,876603,0.002,1.01,223.682,0.527,5.266,0.02,,
2020-05-31,11503,35,271,1,10925,887528,0.003,1.06,224.365,0.683,5.286,0.02,,
2020-06-01,11541,38,272,1,9805,897333,0.004,1.13,225.106,0.741,5.305,0.02,,
2020-06-02,11590,49,273,1,13596,910929,0.004,1.25,226.062,0.956,5.325,0.02,,
2020-06-03,11629,39,273,0,18058,928987,0.002,1.14,226.822,0.761,5.325,0,,
2020-06-04,11668,39,273,0,16672,945659,0.002,1.14,227.583,0.761,5.325,0,,
2020-06-05,11719,51,273,0,16535,962194,0.003,1.28,228.578,0.995,5.325,0,,
2020-06-06,11776,57,273,0,15157,977351,0.004,1.29,229.69,1.112,5.325,0,,
2020-06-07,11814,38,273,0,8937,986288,0.004,1.05,230.431,0.741,5.325,0,,
2020-06-08,11852,38,274,1,7552,993840,0.005,1.02,231.172,0.741,5.344,0.02,,
2020-06-09,11902,50,276,2,14698,1008538,0.003,1.14,232.147,0.975,5.383,0.039,,
2020-06-10,11947,45,276,0,17211,1025749,0.003,1.12,233.025,0.878,5.383,0,,
2020-06-11,12003,56,277,1,15645,1041394,0.004,1.18,234.117,1.092,5.403,0.02,,
2020-06-12,12051,48,277,0,15849,1057243,0.003,1.05,235.053,0.936,5.403,0,,
2020-06-13,12085,34,277,0,14109,1071352,0.002,0.87,235.717,0.663,5.403,0,,
2020-06-14,12121,36,277,0,7620,1078972,0.005,0.86,236.419,0.702,5.403,0,,
2020-06-15,12155,34,278,1,5954,1084926,0.006,0.89,237.082,0.663,5.422,0.02,,
2020-06-16,12198,43,279,1,12209,1097135,0.004,1.06,237.921,0.839,5.442,0.02,,
2020-06-17,12257,59,280,1,14199,1111334,0.004,1.26,239.071,1.151,5.461,0.02,,
2020-06-18,12306,49,280,0,12664,1123998,0.004,1.2,240.027,0.956,5.461,0,,
2020-06-19,12373,67,280,0,12875,1136873,0.005,1.27,241.334,1.307,5.461,0,,
2020-06-20,12421,48,280,0,12558,1149431,0.004,0.99,242.27,0.936,5.461,0,,
2020-06-21,12438,17,280,0,6961,1156392,0.002,0.7,242.602,0.332,5.461,0,,
2020-06-22,12484,46,281,1,6271,1162663,0.007,0.95,243.499,0.897,5.481,0.02,,
2020-06-23,12535,51,281,0,11071,1173734,0.005,1.01,244.494,0.995,5.481,0,,
2020-06-24,12563,28,282,1,14618,1188352,0.002,0.83,245.04,0.546,5.5,0.02,,
2020-06-25,12602,39,282,0,13226,1201578,0.003,0.96,245.801,0.761,5.5,0,,
2020-06-26,12653,51,282,0,11909,1213487,0.004,1.15,246.795,0.995,5.5,0,,
2020-06-27,12715,62,282,0,10427,1223914,0.006,1.24,248.005,1.209,5.5,0,,
2020-06-28,12757,42,282,0,8776,1232690,0.005,1.04,248.824,0.819,5.5,0,,
2020-06-29,12800,43,282,0,8765,1241455,0.005,1.02,249.663,0.839,5.5,0,,
2020-06-30,12850,50,282,0,11502,1252957,0.004,1.11,250.638,0.975,5.5,0,,
2020-07-01,12904,54,282,0,12748,1265705,0.004,1.18,251.691,1.053,5.5,0,,
2020-07-02,12967,63,282,0,10475,1276180,0.006,1.27,252.92,1.229,5.5,0,,
2020-07-03,13030,63,283,1,10021,1286201,0.006,1.24,254.149,1.229,5.52,0.02,,
2020-07-04,13091,61,283,0,11001,1297202,0.006,1.14,255.339,1.19,5.52,0,,
2020-07-05,13137,46,284,1,,,,0.97,256.236,0.897,5.539,0.02,,
2020-07-06,13181,44,285,1,,1310504,,0.95,257.094,0.858,5.559,0.02,,
2020-07-07,13244,63,285,0,12015,1322519,0.005,1.08,258.323,1.229,5.559,0,,
2020-07-08,13293,49,287,2,13204,1335723,0.004,0.96,259.279,0.956,5.598,0.039,,
2020-07-09,13338,45,288,1,12136,1347859,0.004,0.88,260.156,0.878,5.617,0.02,,
2020-07-10,13373,35,288,0,13504,1361363,0.003,0.81,260.839,0.683,5.617,0,,
2020-07-11,13417,44,289,1,,,,0.92,261.697,0.858,5.637,0.02,,
2020-07-12,13479,62,289,0,,1380314,,1.06,262.906,1.209,5.637,0,,
2020-07-13,13512,33,289,0,6153,1386467,0.005,0.85,263.55,0.644,5.637,0,,
2020-07-14,13551,39,289,0,9860,1396327,0.004,0.92,264.311,0.761,5.637,0,,
2020-07-15,13612,61,291,2,11692,1408019,0.005,1.14,265.501,1.19,5.676,0.039,,
2020-07-16,13672,60,293,2,9925,1417944,0.006,1.1,266.671,1.17,5.715,0.039,,
2020-07-17,13711,39,294,1,9963,1427907,0.004,0.87,267.432,0.761,5.734,0.02,,
2020-07-18,13745,34,295,1,9374,1437281,0.004,0.76,268.095,0.663,5.754,0.02,,
2020-07-19,13771,26,296,1,6065,1443346,0.004,0.75,268.602,0.507,5.773,0.02,,
2020-07-20,13816,45,296,0,5545,1448891,0.008,1.02,269.48,0.878,5.773,0,,
2020-07-21,13879,63,297,1,9635,1458526,0.007,1.27,270.708,1.229,5.793,0.02,,
2020-07-22,13938,59,297,0,11794,1470320,0.005,1.25,271.859,1.151,5.793,0,,
2020-07-23,13979,41,298,1,9116,1479436,0.004,1.2,272.659,0.8,5.812,0.02,,
2020-07-24,14092,113,298,0,10332,1489768,0.011,1.69,274.863,2.204,5.812,0,,
2020-07-25,14150,58,298,0,9185,1498953,0.006,1.12,275.994,1.131,5.812,0,,
2020-07-26,14175,25,299,1,4759,1503712,0.005,0.7,276.482,0.488,5.832,0.02,,
2020-07-27,14203,28,300,1,4492,1508204,0.006,0.65,277.028,0.546,5.851,0.02,,
2020-07-28,14251,48,300,0,9056,1517260,0.005,0.78,277.964,0.936,5.851,0,,
2020-07-29,14269,18,300,0,10721,1527981,0.002,0.59,278.315,0.351,5.851,0,,
2020-07-30,14305,36,301,1,9216,1537197,0.004,0.72,279.018,0.702,5.871,0.02,,
2020-07-31,14336,31,301,0,8269,1545466,0.004,0.72,279.622,0.605,5.871,0,,
2020-08-01,14366,30,301,0,8086,1553552,0.004,0.71,280.207,0.585,5.871,0,,
2020-08-02,14389,23,301,0,4926,1558478,0.005,0.7,280.656,0.449,5.871,0,,
2020-08-03,14423,34,301,0,3878,1562356,0.009,0.85,281.319,0.663,5.871,0,,
2020-08-04,14456,33,302,1,8700,1571056,0.004,0.91,281.963,0.644,5.89,0.02,,
2020-08-05,14499,43,302,0,8641,1579697,0.005,1,282.801,0.839,5.89,0,,
2020-08-06,14519,20,303,1,8759,1588456,0.002,0.81,283.192,0.39,5.91,0.02,,
2020-08-07,14562,43,304,1,8128,1596584,0.005,1.05,284.03,0.839,5.929,0.02,,
2020-08-08,14598,36,305,1,7825,1604409,0.005,1,284.732,0.702,5.949,0.02,,
2020-08-09,14626,28,305,0,3438,1607847,0.008,0.94,285.279,0.546,5.949,0,,
2020-08-10,14660,34,305,0,4060,1611907,0.008,1.11,285.942,0.663,5.949,0,,
2020-08-11,14714,54,305,0,8448,1620355,0.006,1.5,286.995,1.053,5.949,0,,
2020-08-12,14770,56,305,0,8922,1629277,0.006,1.78,288.087,1.092,5.949,0,,
2020-08-13,14873,103,305,0,7823,1637100,0.013,2.5,290.096,2.009,5.949,0,,
2020-08-14,15039,166,305,0,7852,1644952,0.021,3.14,293.334,3.238,5.949,0,,
2020-08-15,15318,279,305,0,8726,1653678,0.032,3.43,298.776,5.442,5.949,0,,
2020-08-16,15515,197,305,0,6104,1659782,0.032,2.51,302.618,3.842,5.949,0,,
2020-08-17,15761,246,306,1,5724,1665506,0.043,2.3,307.417,4.798,5.968,0.02,,
2020-08-18,16058,297,306,0,6317,1671823,0.047,2.2,313.21,5.793,5.968,0,,
2020-08-19,16346,288,307,1,12219,1684042,0.024,1.96,318.827,5.617,5.988,0.02,,
2020-08-20,16670,324,309,2,15043,1699085,0.022,1.86,325.147,6.32,6.027,0.039,,
2020-08-21,17002,332,309,0,16993,1716078,0.02,1.74,331.622,6.476,6.027,0,,
2020-08-22,17399,397,309,0,17295,1733373,0.023,1.67,339.366,7.743,6.027,0,,
2020-08-23,17665,266,309,0,10249,1743622,0.026,1.3,344.554,5.188,6.027,0,,
2020-08-24,17945,280,310,1,12805,1756427,0.022,1.25,350.015,5.461,6.047,0.02,,
2020-08-25,18265,320,312,2,19048,1775475,0.017,1.33,356.257,6.242,6.086,0.039,,
2020-08-26,18706,441,313,1,21236,1796711,0.021,1.48,364.859,8.602,6.105,0.02,,
2020-08-27,19077,371,316,3,20827,1817538,0.018,1.3,372.095,7.236,6.164,0.059,,
2020-08-28,19400,323,321,5,19468,1837006,0.017,1.12,378.395,6.3,6.261,0.098,,
2020-08-29,19699,299,323,2,18277,1855283,0.016,1,384.227,5.832,6.3,0.039,,
2020-08-30,19947,248,324,1,10866,1866149,0.023,0.88,389.064,4.837,6.32,0.02,,
2020-08-31,20182,235,324,0,13664,1879813,0.017,0.84,393.648,4.584,6.32,0,,
2020-09-01,20449,267,326,2,22524,1902337,0.012,0.86,398.856,5.208,6.359,0.039,,
2020-09-02,20644,195,329,3,21210,1923547,0.009,0.75,402.659,3.803,6.417,0.059,,
2020-09-03,20842,198,331,2,21481,1945028,0.009,0.72,406.521,3.862,6.456,0.039,,
2020-09-04,21010,168,333,2,,,,0.67,409.798,3.277,6.495,0.039,,
2020-09-05,21177,167,334,1,,1984968,,0.65,413.055,3.257,6.515,0.02,,
2020-09-06,21296,119,336,2,11346,1996314,0.01,0.59,415.376,2.321,6.554,0.039,,
2020-09-07,21432,136,341,5,7874,2004188,0.017,0.64,418.029,2.653,6.651,0.098,,
2020-09-08,21588,156,344,3,18520,2022708,0.008,0.73,421.072,3.043,6.71,0.059,,
2020-09-09,21743,155,346,2,22993,2045701,0.007,0.78,424.095,3.023,6.749,0.039,,
2020-09-10,21919,176,350,4,20872,2066573,0.008,0.82,427.528,3.433,6.827,0.078,,
2020-09-11,22055,136,355,5,23215,2089788,0.006,0.74,430.18,2.653,6.924,0.098,,
2020-09-12,22176,121,358,3,17843,2107631,0.007,0.68,432.541,2.36,6.983,0.059,,
2020-09-13,22285,109,363,5,7934,2115565,0.014,0.66,434.667,2.126,7.08,0.098,,
2020-09-14,22391,106,367,4,7961,2123526,0.013,0.68,436.734,2.068,7.158,0.078,,
2020-09-15,22504,113,367,0,13742,2137268,0.008,0.76,438.938,2.204,7.158,0,,
2020-09-16,22657,153,372,5,15722,2152990,0.01,0.89,441.922,2.984,7.256,0.098,,
2020-09-17,22783,126,377,5,13394,2166384,0.009,0.82,444.38,2.458,7.353,0.098,,
2020-09-18,22893,110,378,1,14578,2180962,0.008,0.73,446.526,2.146,7.373,0.02,,
2020-09-19,22975,82,383,5,13495,2194457,0.006,0.62,448.125,1.599,7.47,0.098,,
2020-09-20,23045,70,385,2,7970,2202427,0.009,0.58,449.49,1.365,7.509,0.039,,
2020-09-21,23106,61,388,3,6626,2209053,0.009,0.62,450.68,1.19,7.568,0.059,,
2020-09-22,23216,110,388,0,12837,2221890,0.009,0.87,452.826,2.146,7.568,0,,
2020-09-23,23341,125,393,5,14482,2236372,0.009,0.97,455.264,2.438,7.665,0.098,,
2020-09-24,23455,114,395,2,11845,2248217,0.01,0.9,457.487,2.224,7.704,0.039,,
2020-09-25,23516,61,399,4,12484,2260701,0.005,0.69,458.677,1.19,7.782,0.078,,
2020-09-26,23611,95,401,2,11136,2271837,0.009,0.75,460.53,1.853,7.821,0.039,,
2020-09-27,23661,50,406,5,5802,2277639,0.009,0.59,461.505,0.975,7.919,0.098,,
2020-09-28,23699,38,407,1,5077,2282716,0.007,0.61,462.246,0.741,7.938,0.02,,
2020-09-29,23812,113,413,6,10272,2292988,0.011,0.96,464.451,2.204,8.056,0.117,,
2020-09-30,23889,77,415,2,9415,2302403,0.008,0.85,465.952,1.502,8.095,0.039,,
2020-10-01,23952,63,416,1,6003,2308406,0.01,0.78,467.181,1.229,8.114,0.02,,
2020-10-02,24027,75,420,4,5376,2313782,0.014,0.83,468.644,1.463,8.192,0.078,,
2020-10-03,24091,64,421,1,4790,2318572,0.013,0.81,469.892,1.248,8.212,0.02,,
2020-10-04,24164,73,422,1,5657,2324229,0.013,0.89,471.316,1.424,8.231,0.02,,
2020-10-05,24239,75,422,0,5702,2329931,0.013,0.98,472.779,1.463,8.231,0,,
2020-10-06,24353,114,425,3,12765,2342696,0.009,1.15,475.003,2.224,8.29,0.059,,
2020-10-07,24422,69,427,2,13239,2355935,0.005,0.9,476.349,1.346,8.329,0.039,,
2020-10-08,24476,54,428,1,11931,2367866,0.005,0.79,477.402,1.053,8.348,0.02,,
2020-10-09,24548,72,430,2,11668,2379534,0.006,0.88,478.806,1.404,8.387,0.039,,
2020-10-10,24606,58,432,2,6168,2385702,0.009,0.9,479.937,1.131,8.426,0.039,,
2020-10-11,24703,97,433,1,5478,2391180,0.018,1.16,481.829,1.892,8.446,0.02,,
2020-10-12,24805,102,434,1,5238,2396418,0.019,1.2,483.819,1.989,8.465,0.02,,
2020-10-13,24889,84,438,4,12229,2408647,0.007,1.09,485.457,1.638,8.543,0.078,,
2020-10-14,24988,99,439,1,14411,2423058,0.007,1.06,487.388,1.931,8.563,0.02,,
2020-10-15,25035,47,441,2,9419,2432477,0.005,0.81,488.305,0.917,8.602,0.039,,
2020-10-16,25108,73,443,2,9594,2442071,0.008,0.93,489.729,1.424,8.641,0.039,,
2020-10-17,25199,91,444,1,9138,2451209,0.01,1.04,491.504,1.775,8.66,0.02,,
2020-10-18,25275,76,444,0,5539,2456748,0.014,0.97,492.986,1.482,8.66,0,,
2020-10-19,25333,58,447,3,5715,2462463,0.01,0.93,494.117,1.131,8.719,0.059,,
2020-10-20,25424,91,450,3,9469,2471932,0.01,1.18,495.892,1.775,8.777,0.059,,
2020-10-21,25543,119,453,3,12066,2483998,0.01,1.41,498.214,2.321,8.836,0.059,,
2020-10-22,25698,155,455,2,11514,2495512,0.013,1.49,501.237,3.023,8.875,0.039,,
2020-10-23,25775,77,457,2,12679,2508191,0.006,1.03,502.739,1.502,8.914,0.039,,
2020-10-24,25836,61,457,0,10600,2518791,0.006,0.91,503.928,1.19,8.914,0,,
2020-10-25,25955,119,457,0,5673,2524464,0.021,1.15,506.25,2.321,8.914,0,,
2020-10-26,26043,88,460,3,7037,2531501,0.013,1.06,507.966,1.716,8.972,0.059,,
2020-10-27,26146,103,461,1,13083,2544584,0.008,1.14,509.975,2.009,8.992,0.02,,
2020-10-28,26271,125,462,1,15472,2560056,0.008,1.25,512.413,2.438,9.011,0.02,,
2020-10-29,26385,114,463,1,11774,2571830,0.01,1.2,514.637,2.224,9.031,0.02,,
2020-10-30,26511,126,464,1,14028,2585858,0.009,1.21,517.094,2.458,9.05,0.02,,
2020-10-31,26635,124,466,2,12956,2598814,0.01,1.14,519.513,2.419,9.089,0.039,,
2020-11-01,26732,97,468,2,6978,2605792,0.014,0.97,521.405,1.892,9.128,0.039,,
2020-11-02,26807,75,472,4,5334,2611126,0.014,0.9,522.868,1.463,9.206,0.078,,
2020-11-03,26925,118,474,2,12918,2624044,0.009,1.1,525.169,2.302,9.245,0.039,,
2020-11-04,27050,125,475,1,13961,2638005,0.009,1.18,527.607,2.438,9.265,0.02,,
2020-11-05,27195,145,476,1,10639,2648644,0.014,1.21,530.436,2.828,9.284,0.02,,
2020-11-06,27284,89,477,1,12041,2660685,0.007,1.02,532.172,1.736,9.304,0.02,,
2020-11-07,27427,143,478,1,10347,2671032,0.014,1.17,534.961,2.789,9.323,0.02,,
2020-11-08,27553,126,480,2,6200,2677232,0.02,1.11,537.418,2.458,9.362,0.039,,
2020-11-09,27653,100,485,5,6165,2683397,0.016,1.04,539.369,1.95,9.46,0.098,,
2020-11-10,27799,146,487,2,12708,2696105,0.011,1.22,542.217,2.848,9.499,0.039,,
2020-11-11,27942,143,487,0,11741,2707846,0.012,1.29,545.006,2.789,9.499,0,,
2020-11-12,28133,191,488,1,12642,2720488,0.015,1.48,548.731,3.725,9.518,0.02,,
2020-11-13,28338,205,492,4,10804,2731292,0.019,1.52,552.73,3.999,9.596,0.078,,
2020-11-14,28546,208,493,1,11305,2742597,0.018,1.49,556.787,4.057,9.616,0.02,,
2020-11-15,28769,223,494,1,7903,2750500,0.028,1.49,561.136,4.35,9.635,0.02,,
2020-11-16,28998,229,494,0,8877,2759377,0.026,1.52,565.603,4.467,9.635,0,,
2020-11-17,29311,313,496,2,15176,2774553,0.021,1.72,571.708,6.105,9.674,0.039,,
2020-11-18,29654,343,498,2,17121,2791674,0.02,1.73,578.398,6.69,9.713,0.039,,
2020-11-19,30017,363,501,3,16644,2808318,0.022,1.67,585.478,7.08,9.772,0.059,,
2020-11-20,30403,386,503,2,16982,2825300,0.023,1.57,593.007,7.529,9.811,0.039,,
2020-11-21,30733,330,505,2,20101,2845401,0.016,1.34,599.444,6.437,9.85,0.039,,
2020-11-22,31004,271,509,4,9460,2854861,0.029,1.2,604.73,5.286,9.928,0.078,,
2020-11-23,31353,349,510,1,10819,2865680,0.032,1.32,611.537,6.807,9.947,0.02,,
2020-11-24,31735,382,513,3,22950,2888630,0.017,1.46,618.988,7.451,10.006,0.059,,
2020-11-25,32318,583,515,2,21937,2910567,0.027,1.73,630.359,11.371,10.045,0.039,,
2020-11-26,32887,569,516,1,22118,2932685,0.026,1.61,641.457,11.098,10.065,0.02,,
2020-11-27,33375,488,522,6,20255,2952940,0.024,1.37,650.976,9.518,10.182,0.117,,
2020-11-28,33824,449,523,1,20270,2973210,0.022,1.2,659.734,8.758,10.201,0.02,,
2020-11-29,34201,377,526,3,10932,2984142,0.034,1.08,667.087,7.353,10.26,0.059,,
2020-11-30,34652,451,526,0,13665,2997807,0.033,1.16,675.884,8.797,10.26,0,,
2020-12-01,35163,511,526,0,21298,3019105,0.024,1.25,685.851,9.967,10.26,0,,
2020-12-02,35703,540,529,3,22711,3041816,0.024,1.3,696.383,10.533,10.318,0.059,,
2020-12-03,36332,629,536,7,24282,3066098,0.026,1.36,708.652,12.269,10.455,0.137,,
2020-12-04,36915,583,540,4,27295,3093393,0.021,1.3,720.023,11.371,10.533,0.078,,
2020-12-05,37546,631,545,5,20836,3114229,0.03,1.29,732.331,12.308,10.63,0.098,,
2020-12-06,38161,615,549,4,12922,3127151,0.048,1.24,744.326,11.996,10.708,0.078,,
2020-12-07,38755,594,552,3,14215,3141366,0.042,1.2,755.912,11.586,10.767,0.059,,
2020-12-08,39432,677,556,4,8685,3150051,0.078,1.25,769.117,13.205,10.845,0.078,,
2020-12-09,40098,666,564,8,28105,3178156,0.024,1.25,782.107,12.99,11.001,0.156,,
2020-12-10,40786,688,572,8,27027,3205183,0.025,1.3,795.527,13.419,11.157,0.156,,
2020-12-11,41736,950,578,6,28342,3233525,0.034,1.49,814.056,18.53,11.274,0.117,,
2020-12-12,42766,1030,580,2,29597,3263122,0.035,1.47,834.146,20.09,11.313,0.039,,
2020-12-13,43484,718,587,7,21344,3284466,0.034,1.23,848.151,14.005,11.449,0.137,,
2020-12-14,44364,880,600,13,23326,3307792,0.038,1.29,865.315,17.164,11.703,0.254,,
2020-12-15,45442,1078,612,12,,,,1.39,886.341,21.026,11.937,0.234,,
2020-12-16,46453,1011,634,22,,3393985,,1.33,906.061,19.719,12.366,0.429,,
2020-12-17,47515,1062,645,11,45597,3439582,0.023,1.3,926.775,20.714,12.581,0.215,,
2020-12-18,48570,1055,659,14,39595,3479177,0.027,1.25,947.353,20.578,12.854,0.273,,
2020-12-19,49665,1095,674,15,40837,3520014,0.027,1.2,968.711,21.358,13.146,0.293,,
2020-12-20,50591,926,698,24,23605,3543619,0.039,1.08,986.772,18.062,13.614,0.468,,
2020-12-21,51460,869,722,24,23804,3567423,0.037,1.04,1003.722,16.95,14.083,0.468,,
2020-12-22,52550,1090,739,17,53880,3621303,0.02,1.14,1024.982,21.26,14.414,0.332,,
2020-12-23,53533,983,756,17,52159,3673462,0.019,1.12,1044.156,19.173,14.746,0.332,,
2020-12-24,54770,1237,773,17,58215,3731677,0.021,1.21,1068.283,24.128,15.077,0.332,,
2020-12-25,55902,1132,793,20,50891,3782568,0.022,1.13,1090.363,22.08,15.467,0.39,,
2020-12-26,56872,970,808,15,29835,3812403,0.033,1,1109.282,18.92,15.76,0.293,,
2020-12-27,57680,808,819,11,27033,3839436,0.03,0.92,1125.042,15.76,15.975,0.215,,
2020-12-28,58725,1045,859,40,28993,3868429,0.036,1.02,1145.425,20.383,16.755,0.78,,
2020-12-29,59773,1048,879,20,58790,3927219,0.018,1.03,1165.866,20.441,17.145,0.39,,
2020-12-30,60740,967,900,21,60532,3987751,0.016,0.99,1184.727,18.861,17.554,0.41,,
2020-12-31,61769,1029,917,17,55791,4043542,0.018,0.98,1204.798,20.071,17.886,0.332,,
2021-01-01,62593,824,942,25,48849,4092391,0.017,0.87,1220.87,16.072,18.374,0.488,,
2021-01-02,63244,651,962,20,31021,4123412,0.021,0.8,1233.568,12.698,18.764,0.39,,
2021-01-03,64264,1020,981,19,30954,4154366,0.033,0.95,1253.463,19.895,19.134,0.371,,
2021-01-04,64979,715,1007,26,31510,4185876,0.023,0.85,1267.409,13.946,19.641,0.507,,
2021-01-05,65818,839,1027,20,59734,4245610,0.014,0.9,1283.773,16.365,20.032,0.39,,
2021-01-06,66686,868,1046,19,67176,4312786,0.013,0.9,1300.703,16.93,20.402,0.371,,
2021-01-07,67358,672,1081,35,65261,4378047,0.01,0.8,1313.811,13.107,21.085,0.683,,
2021-01-08,67999,641,1100,19,61505,4439552,0.01,0.76,1326.313,12.503,21.455,0.371,,
2021-01-09,68664,665,1125,25,64141,4503693,0.01,0.75,1339.284,12.971,21.943,0.488,,
2021-01-10,69114,450,1140,15,28317,4532010,0.016,0.65,1348.061,8.777,22.236,0.293,,
2021-01-11,69651,537,1165,25,29912,4561922,0.018,0.71,1358.535,10.474,22.723,0.488,,
2021-01-12,70212,561,1185,20,65393,4627315,0.009,0.75,1369.478,10.942,23.113,0.39,,
2021-01-13,70728,516,1195,10,62083,4689398,0.008,0.75,1379.542,10.065,23.308,0.195,,
2021-01-14,71241,513,1217,22,66219,4755617,0.008,0.78,1389.548,10.006,23.737,0.429,,
2021-01-15,71820,579,1236,19,60135,4815752,0.01,0.83,1400.842,11.293,24.108,0.371,,
2021-01-16,72340,520,1249,13,60879,4876631,0.009,0.78,1410.984,10.143,24.362,0.254,,
2021-01-17,72729,389,1264,15,25274,4901905,0.015,0.68,1418.571,7.587,24.654,0.293,,
2021-01-18,73115,386,1283,19,27280,4929185,0.014,0.68,1426.1,7.529,25.025,0.371,,
2021-01-19,73518,403,1300,17,56796,4985981,0.007,0.71,1433.961,7.86,25.356,0.332,,
2021-01-20,73918,400,1316,16,58007,5043988,0.007,0.73,1441.763,7.802,25.668,0.312,,
2021-01-21,74262,344,1328,12,52550,5096538,0.007,0.73,1448.472,6.71,25.902,0.234,,
2021-01-22,74692,430,1337,9,52554,5149092,0.008,0.82,1456.86,8.387,26.078,0.176,,
2021-01-23,75084,392,1349,12,43986,5193078,0.009,0.83,1464.505,7.646,26.312,0.234,,
2021-01-24,75521,437,1360,11,25506,5218584,0.017,0.89,1473.029,8.524,26.527,0.215,,
2021-01-25,75875,354,1371,11,22953,5241537,0.015,0.89,1479.934,6.905,26.741,0.215,,
2021-01-26,76429,554,1378,7,42607,5284144,0.013,1.08,1490.74,10.806,26.878,0.137,,
2021-01-27,76926,497,1386,8,46676,5330820,0.011,1.05,1500.434,9.694,27.034,0.156,,
2021-01-28,77395,469,1399,13,51945,5382765,0.009,0.99,1509.581,9.148,27.287,0.254,,
2021-01-29,77850,455,1414,15,43746,5426511,0.01,0.93,1518.456,8.875,27.58,0.293,,
2021-01-30,78205,355,1420,6,44224,5470735,0.008,0.81,1525.38,6.924,27.697,0.117,,
2021-01-31,78508,303,1425,5,20535,5491270,0.015,0.76,1531.29,5.91,27.794,0.098,,
2021-02-01,78844,336,1435,10,21116,5512386,0.016,0.84,1537.844,6.554,27.99,0.195,,
2021-02-02,79311,467,1441,6,44762,5557148,0.01,1.01,1546.953,9.109,28.107,0.117,,
2021-02-03,79762,451,1448,7,60717,5617865,0.007,1.01,1555.749,8.797,28.243,0.137,,
2021-02-04,80131,369,1459,11,64692,5682557,0.006,0.92,1562.947,7.197,28.458,0.215,,
2021-02-05,80524,393,1464,5,57164,5739721,0.007,0.91,1570.612,7.665,28.555,0.098,,
2021-02-06,80896,372,1471,7,,,,0.87,1577.868,7.256,28.692,0.137,,
2021-02-07,81185,289,1474,3,,,,0.8,1583.505,5.637,28.75,0.059,,
2021-02-08,81487,302,1482,8,,5853354,,0.87,1589.395,5.89,28.906,0.156,,
2021-02-09,81930,443,1486,4,,,,1.08,1598.036,8.641,28.984,0.078,,
2021-02-10,82434,504,1496,10,,,,1.16,1607.866,9.83,29.179,0.195,,
2021-02-11,82837,403,1507,11,,5988394,,1.02,1615.727,7.86,29.394,0.215,,
2021-02-12,83199,362,1514,7,24114,6012508,0.015,0.93,1622.788,7.061,29.53,0.137,,
2021-02-13,83525,326,1522,8,,,,0.9,1629.146,6.359,29.686,0.156,,
2021-02-14,83869,344,1527,5,,6061886,,0.98,1635.856,6.71,29.784,0.098,,
2021-02-15,84325,456,1534,7,20828,6082714,0.022,1.19,1644.75,8.894,29.921,0.137,,
2021-02-16,84946,621,1538,4,53879,6136593,0.012,1.41,1656.863,12.113,29.999,0.078,,
2021-02-17,85567,621,1544,6,51564,6188157,0.012,1.37,1668.975,12.113,30.116,0.117,,
2021-02-18,86128,561,1550,6,44337,6232494,0.013,1.21,1679.918,10.942,30.233,0.117,,
2021-02-19,86574,446,1553,3,42382,6274876,0.011,1.01,1688.617,8.699,30.291,0.059,,
2021-02-20,86992,418,1557,4,39618,6314494,0.011,0.91,1696.77,8.153,30.369,0.078,,
2021-02-21,87324,332,1562,5,23490,6337984,0.014,0.81,1703.245,6.476,30.467,0.098,,
2021-02-22,87681,357,1573,11,18699,6356683,0.019,0.85,1710.209,6.963,30.681,0.215,,
2021-02-23,88120,439,1576,3,41931,6398614,0.01,0.95,1718.771,8.563,30.74,0.059,,
2021-02-24,88516,396,1581,5,37386,6436000,0.011,0.94,1726.495,7.724,30.837,0.098,,
2021-02-25,88922,406,1585,4,46542,6482542,0.009,0.94,1734.414,7.919,30.915,0.078,,
2021-02-26,89321,399,1595,10,38582,6521124,0.01,0.93,1742.197,7.782,31.11,0.195,28715,3376
2021-02-27,89676,355,1603,8,37102,6558226,0.01,0.88,1749.121,6.924,31.266,0.156,30224,3406
2021-02-28,90031,355,1605,2,17891,6576117,0.02,0.88,1756.045,6.924,31.305,0.039,31135,3429
2021-03-01,90372,341,1606,1,15893,6592010,0.021,0.91,1762.696,6.651,31.325,0.02,32747,3455
2021-03-02,90816,444,1612,6,16534,6608544,0.027,1.04,1771.356,8.66,31.442,0.117,99342,3515
2021-03-03,91240,424,1619,7,41792,6650336,0.01,1.04,1779.627,8.27,31.578,0.137,168919,3593
2021-03-04,91638,398,1627,8,41475,6691811,0.01,1.01,1787.39,7.763,31.734,0.156,239594,3847
2021-03-05,92055,417,1632,5,33493,6725304,0.012,1.02,1795.523,8.134,31.832,0.098,310419,3973
2021-03-06,92471,416,1634,2,31468,6756772,0.013,1.01,1803.637,8.114,31.871,0.039,328509,3994
2021-03-07,92817,346,1642,8,19958,6776730,0.017,0.96,1810.386,6.749,32.027,0.156,330634,4008
2021-03-08,93263,446,1645,3,17685,6794415,0.025,1.08,1819.085,8.699,32.086,0.059,398339,4053
2021-03-09,93733,470,1648,3,,,0.013,1.07,1826.969,9.161,32.122,0.058,462104,4178
2021-03-10,94198,465,1652,4,,,0.014,1.06,1836.033,9.063,32.199,0.078,516503,4432
2021-03-11,94686,488,1662,10,,,0.014,1.07,1845.544,9.512,32.394,0.195,561377,4749
2021-03-12,95176,490,1667,5,,6943926,0.014,1.08,1855.095,9.551,32.492,0.097,599853,4957
2021-03-13,95635,459,1669,2,,,0.015,1.06,1864.042,8.946,32.531,0.039,603815,5007
2021-03-14,96017,382,1675,6,,,0.015,1.03,1871.487,7.446,32.648,0.117,605077,5028
2021-03-15,96380,363,1678,3,,7013350,0.014,0.99,1878.563,7.075,32.706,0.058,618512,5865
2021-03-16,96849,469,1686,8,,,0.014,0.98,1887.704,9.141,32.862,0.156,638119,6501
2021-03-17,97294,445,1688,2,,,0.014,0.98,1896.378,8.674,32.901,0.039,658652,7068
2021-03-18,97757,463,1690,2,,,0.013,1,1905.402,9.024,32.94,0.039,678537,7473
2021-03-19,98209,452,1693,3,,7176600,0.013,1.01,1914.212,8.81,32.999,0.058,696023,7977
2021-03-20,98665,456,1696,3,,,0.013,1.03,1923.1,8.888,33.057,0.058,697723,8331
2021-03-21,99075,410,1697,1,,,0.013,1.02,1931.091,7.991,33.077,0.019,698136,8640
2021-03-22,99421,346,1704,7,,7252832,0.013,0.97,1937.835,6.744,33.213,0.136,702383,9044
2021-03-23,99846,425,1707,3,47986,7300818,0.012,0.95,1946.119,8.284,33.271,0.058,725160,9892
2021-03-24,100276,430,1709,2,,,0.012,0.98,1954.5,8.381,33.31,0.039,757163,11147
2021-03-25,100770,494,1716,7,,7398876,0.011,1.04,1964.129,9.629,33.447,0.136,793260,12585
2021-03-26,101275,505,1721,5,53118,7451994,0.011,1.08,1973.972,9.843,33.544,0.097,819881,14204
2021-03-27,101757,482,1722,1,45400,7497394,0.01,1.09,1983.367,9.395,33.564,0.019,821366,14248
2021-03-28,102141,384,1726,4,19597,7516991,0.011,1.07,1990.851,7.485,33.642,0.078,821536,14275
2021-03-29,102582,441,1729,3,20402,7537393,0.011,1.09,1999.447,8.596,33.7,0.058,850650,15271
2021-03-30,103088,506,1731,2,48182,7585575,0.011,1.08,2009.31,9.863,33.739,0.039,883080,17494
2021-03-31,103639,551,1735,4,50923,7636498,0.012,1.1,2020.049,10.74,33.817,0.078,912337,22385
2021-04-01,104194,555,1737,2,42146,7678644,0.012,1.11,2030.867,10.818,33.856,0.039,957585,29757
2021-04-02,104736,542,1740,3,38899,7717543,0.013,1.12,2041.431,10.564,33.915,0.058,1004495,36901
2021-04-03,105279,543,1744,4,36770,7754313,0.014,1.13,2052.015,10.584,33.993,0.078,1013889,37518
2021-04-04,105752,473,1748,4,15364,7769677,0.014,1.14,2061.234,9.219,34.071,0.078,1014710,37622
2021-04-05,106230,478,1752,4,18646,7788323,0.015,1.15,2070.551,9.317,34.149,0.078,1053139,38898
2021-04-06,106898,668,1756,4,53812,7842135,0.015,1.19,2083.571,13.02,34.227,0.078,1099076,45590
2021-04-07,107598,700,1758,2,49390,7891525,0.016,1.2,2097.215,13.644,34.266,0.039,1147507,55990
2021-04-08,108269,671,1764,6,42902,7934427,0.016,1.18,2110.294,13.079,34.382,0.117,1195811,66817
2021-04-09,108945,676,1765,1,42774,7977201,0.016,1.16,2123.47,13.176,34.402,0.019,1238499,75528
2021-04-10,109559,614,1768,3,39415,8016616,0.016,1.14,2135.437,11.968,34.46,0.058,1249126,77100
2021-04-11,110146,587,1770,2,21007,8037623,0.016,1.14,2146.879,11.441,34.499,0.039,1249632,77183
2021-04-12,110688,542,1775,5,19912,8057535,0.017,1.11,2157.443,10.564,34.597,0.097,1289758,78703
2021-04-13,111419,731,1782,7,57400,8114935,0.017,1.09,2171.691,14.248,34.733,0.136,1335405,79687
2021-04-14,112117,698,1788,6,55826,8170761,0.016,1.07,2185.296,13.605,34.85,0.117,1382414,79864
2021-04-15,112789,672,1790,2,50144,8220905,0.016,1.05,2198.394,13.098,34.889,0.039,1476697,80028
2021-04-16,113444,655,1794,4,41544,8262449,0.016,1.05,2211.161,12.767,34.967,0.078,1580970,80420
2021-04-17,114115,671,1797,3,,,0.017,1.06,2224.239,13.079,35.026,0.058,1610810,80550
2021-04-18,114646,531,1801,4,,,0.016,1.05,2234.589,10.35,35.104,0.078,1615904,80616
2021-04-19,115195,549,1802,1,,8344058,0.016,1.05,2245.29,10.701,35.123,0.019,1739403,80767
2021-04-20,115926,731,1806,4,47944,8392002,0.016,1.06,2259.538,14.248,35.201,0.078,1871329,80941
2021-04-21,116661,735,1808,2,38381,8430383,0.018,1.08,2273.864,14.326,35.24,0.039,2004773,81240
2021-04-22,117458,797,1811,3,39983,8470366,0.019,1.1,2289.398,15.534,35.299,0.058,2155934,100098
2021-04-23,118243,785,1812,1,43225,8513591,0.019,1.08,2304.699,15.301,35.318,0.019,2336410,119945
2021-04-24,118887,644,1813,1,41063,8554654,0.018,1.02,2317.251,12.552,35.338,0.019,2407672,125871
2021-04-25,119387,500,1817,4,22577,8577231,0.018,0.98,2326.997,9.746,35.416,0.078,2414591,126334
2021-04-26,119898,511,1820,3,17664,8594895,0.019,0.97,2336.957,9.96,35.474,0.058,2579480,148141
2021-04-27,120673,775,1821,1,50206,8645101,0.019,0.99,2352.063,15.106,35.493,0.019,2778766,170162
2021-04-28,121351,678,1825,4,44231,8689332,0.018,0.96,2365.278,13.215,35.571,0.078,3031853,190867
2021-04-29,122007,656,1828,3,36055,8725387,0.018,0.95,2378.064,12.786,35.63,0.058,3324750,221179
2021-04-30,122634,627,1831,3,40394,8765781,0.017,0.94,2390.285,12.221,35.688,0.058,3633139,252152
2021-05-01,123240,606,1833,2,32395,8798176,0.018,0.95,2402.096,11.812,35.727,0.039,3681482,260141
2021-05-02,123728,488,1834,1,13451,8811627,0.019,0.96,2411.608,9.512,35.747,0.019,3683600,260564
2021-05-03,124269,541,1840,6,14677,8826304,0.019,0.96,2422.153,10.545,35.864,0.117,3801393,291980
2021-05-04,124945,676,1847,7,52755,8879059,0.018,0.93,2435.329,13.176,36,0.136,3908462,324002
2021-05-05,125519,574,1851,4,36015,8915074,0.018,0.9,2446.517,11.188,36.078,0.078,3939919,349638
2021-05-06,126044,525,1860,9,18863,8933937,0.019,0.91,2456.75,10.233,36.254,0.175,4071960,423866
2021-05-07,126745,701,1865,5,38521,8972458,0.02,0.97,2470.413,13.663,36.351,0.097,4197739,501407
2021-05-08,127309,564,1874,9,38449,9010907,0.019,0.98,2481.406,10.993,36.527,0.175,4237913,529249
2021-05-09,127772,463,1875,1,13584,9024491,0.019,0.98,2490.431,9.024,36.546,0.019,4242931,534114
2021-05-10,128283,511,1879,4,14170,9038661,0.019,1,2500.391,9.96,36.624,0.078,4334864,612297
2021-05-11,128918,635,1884,5,40995,9079656,0.02,1.01,2512.768,12.377,36.721,0.097,4425015,693606
2021-05-12,129633,715,1891,7,37604,9117260,0.02,1.07,2526.704,13.936,36.858,0.136,4514892,776962
2021-05-13,130380,747,1893,2,36376,9153636,0.02,1.09,2541.264,14.56,36.897,0.039,4602477,855549
2021-05-14,131061,681,1896,3,32447,9186083,0.02,1.06,2554.537,13.274,36.955,0.058,4694586,936347
2021-05-15,131671,610,1900,4,33795,9219878,0.021,1.06,2566.427,11.89,37.033,0.078,4726533,966700
2021-05-16,132290,619,1903,3,15073,9234951,0.021,1.06,2578.492,12.065,37.092,0.058,4731905,971831
2021-05-17,132818,528,1904,1,16545,9251496,0.021,1.01,2588.783,10.291,37.111,0.019,4846383,1072623
2021-05-18,133471,653,1912,8,40095,9291591,0.021,0.96,2601.511,12.728,37.267,0.156,5001409,1214832
2021-05-19,134117,646,1916,4,32559,9324150,0.022,0.94,2614.102,12.591,37.345,0.078,5096883,1308120
2021-05-20,134678,561,1922,6,14335,9338485,0.023,0.93,2625.037,10.935,37.462,0.117,5321150,1519735
2021-05-21,135344,666,1926,4,34479,9372964,0.023,0.98,2638.018,12.981,37.54,0.078,5561934,1745683
2021-05-22,135929,585,1931,5,30444,9403408,0.023,1,2649.42,11.402,37.638,0.097,5603285,1781647
2021-05-23,136467,538,1934,3,10656,9414064,0.023,1.01,2659.907,10.486,37.696,0.058,5606481,1784442
2021-05-24,136983,516,1938,4,18845,9432909,0.023,1,2669.964,10.057,37.774,0.078,5783910,1889753
2021-05-25,137682,699,1940,2,42720,9475629,0.023,0.98,2683.588,13.624,37.813,0.039,5956261,1983539
2021-05-26,138311,629,1943,3,32760,9508389,0.023,0.94,2695.848,12.26,37.871,0.058,6112217,2051476
2021-05-27,138898,587,1946,3,34645,9543034,0.021,0.91,2707.29,11.441,37.93,0.058,6830064,2107047
2021-05-28,139431,533,1951,5,36550,9579584,0.02,0.88,2717.679,10.389,38.027,0.097,7440873,2172431
2021-05-29,139910,479,1957,6,30217,9609801,0.019,0.91,2727.015,9.336,38.144,0.117,7614769,2181410
2021-05-30,140340,430,1959,2,11320,9621121,0.019,0.94,2735.396,8.381,38.183,0.039,7619911,2181573
2021-05-31,140799,459,1963,4,12084,9633205,0.019,0.99,2744.343,8.946,38.261,0.078,8034537,2208982
2021-06-01,141476,677,1965,2,37585,9670790,0.019,1.04,2757.538,13.196,38.3,0.039,8629503,2235706
2021-06-02,142157,681,1968,3,34643,9705433,0.02,1.07,2770.812,13.274,38.359,0.058,9035904,2258679
2021-06-03,142852,695,1969,1,37069,9742502,0.02,1.09,2784.358,13.546,38.378,0.019,9406666,2284851
2021-06-04,143596,744,1971,2,34978,9777480,0.021,1.08,2798.859,14.501,38.417,0.039,9806507,2315146
2021-06-05,144152,556,1973,2,31310,9808790,0.021,1.03,2809.697,10.837,38.456,0.039,9949511,2317737
2021-06-06,144637,485,1974,1,14442,9823232,0.021,0.99,2819.15,9.453,38.476,0.019,9952807,2317854
2021-06-07,145091,454,1975,1,12539,9835771,0.021,0.95,2827.999,8.849,38.495,0.019,10869003,2338777
2021-06-08,145692,601,1977,2,33553,9869324,0.021,0.92,2839.713,11.714,38.534,0.039,11642252,2364829
2021-06-09,146303,611,1979,2,44035,9913359,0.02,0.91,2851.622,11.909,38.573,0.039,12261670,2389641
2021-06-10,146859,556,1981,2,33176,9946535,0.02,0.9,2862.459,10.837,38.612,0.039,13065460,2678290
2021-06-11,147422,563,1982,1,30776,9977311,0.019,0.9,2873.433,10.974,38.632,0.019,13928979,2916427
2021-06-12,147874,452,1985,3,41024,10018335,0.018,0.89,2882.243,8.81,38.69,0.058,14323583,3035855
2021-06-13,148273,399,1988,3,10055,10028390,0.018,0.89,2890.02,7.777,38.749,0.058,14351942,3047978
2021-06-14,148647,374,1992,4,13683,10042073,0.017,0.89,2897.31,7.29,38.826,0.078,15209263,3307505
2021-06-15,149191,544,1993,1,30733,10072806,0.017,0.89,2907.913,10.603,38.846,0.019,15954230,3517357
2021-06-16,149731,540,1994,1,37814,10110620,0.017,0.9,2918.438,10.525,38.865,0.019,16628734,3801009
2021-06-17,150238,507,1996,2,25897,10136517,0.018,0.9,2928.32,9.882,38.904,0.039,17176571,3931273
2021-06-18,150720,482,1997,1,31694,10168211,0.017,0.91,2937.715,9.395,38.924,0.019,17811767,4059864
2021-06-19,151149,429,2002,5,26222,10194433,0.019,0.93,2946.077,8.362,39.021,0.097,18045651,4096164
2021-06-20,151506,357,2004,2,10139,10204572,0.018,0.97,2953.035,6.958,39.06,0.039,18047360,4097472
2021-06-21,151901,395,2006,2,13042,10217614,0.019,1.02,2960.734,7.699,39.099,0.039,18209783,4215706
2021-06-22,152545,644,2007,1,35302,10252916,0.019,1.09,2973.286,12.552,39.119,0.019,18382249,4341846
2021-06-23,153155,610,2008,1,27242,10280158,0.02,1.12,2985.176,11.89,39.138,0.019,18546360,4462870
2021-06-24,153789,634,2009,1,37653,10317811,0.02,1.15,2997.533,12.357,39.158,0.019,18700160,4571347
2021-06-25,154457,668,2012,3,26546,10344357,0.021,1.18,3010.553,13.02,39.216,0.058,18861413,4668751
2021-06-26,155071,614,2013,1,36586,10380943,0.021,1.18,3022.521,11.968,39.236,0.019,18896722,4692661
2021-06-27,155572,501,2015,2,11359,10392302,0.022,1.18,3032.286,9.765,39.275,0.039,18897812,4693587
2021-06-28,156167,595,2017,2,13784,10406086,0.023,1.21,3043.883,11.597,39.314,0.039,19055977,4838943
2021-06-29,156961,794,2018,1,32797,10438883,0.024,1.21,3059.359,15.476,39.333,0.019,19218000,4984843
2021-06-30,157723,762,2021,3,26079,10464962,0.025,1.21,3074.212,14.852,39.392,0.058,19369864,5122757
2021-07-01,158549,826,2024,3,24430,10489392,0.028,1.22,3090.311,16.1,39.45,0.058,19495366,5244565
2021-07-02,159342,793,2025,1,21545,10510937,0.029,1.22,3105.768,15.457,39.47,0.019,19621767,5366603
2021-07-03,160084,742,2026,1,25771,10536708,0.032,1.24,3120.231,14.462,39.489,0.019,19640552,5384043
2021-07-04,160795,711,2028,2,12120,10548828,0.033,1.28,3134.089,13.858,39.528,0.039,19641424,5384787
2021-07-05,161541,746,2032,4,16413,10565241,0.034,1.34,3148.629,14.54,39.606,0.078,19773226,5461656
2021-07-06,162753,1212,2033,1,28776,10594017,0.037,1.43,3172.253,23.623,39.626,0.019,19903357,5552996
2021-07-07,164028,1275,2034,1,29737,10623754,0.04,1.47,3197.104,24.851,39.645,0.019,20028628,5642483
2021-07-08,165344,1316,2036,2,27870,10651624,0.042,1.47,3222.754,25.65,39.684,0.039,20173811,5749244
2021-07-09,166722,1378,2038,2,32125,10683749,0.043,1.45,3249.613,26.859,39.723,0.039,20381638,5898331
2021-07-10,168046,1324,2043,5,28172,10711921,0.045,1.4,3275.419,25.806,39.821,0.097,20434366,5937951
2021-07-11,169146,1100,2044,1,14295,10726216,0.047,1.34,3296.86,21.44,39.84,0.019,20436256,5939200
2021-07-12,170296,1150,2046,2,19011,10745227,0.049,1.32,3319.275,22.415,39.879,0.039,20561958,6033254
2021-07-13,171911,1615,2048,2,39942,10785169,0.048,1.29,3350.753,31.478,39.918,0.039,20780844,6143719
2021-07-14,173511,1600,2050,2,41785,10826954,0.047,1.26,3381.939,31.186,39.957,0.039,21016094,6266526
2021-07-15,175046,1535,2051,1,29023,10855977,0.047,1.22,3411.858,29.919,39.976,0.019,21282465,6409547
2021-07-16,176500,1454,2055,4,34415,10890392,0.047,1.19,3440.198,28.34,40.054,0.078,21602291,6594367
2021-07-17,177951,1451,2057,2,31198,10921590,0.047,1.19,3468.48,28.282,40.093,0.039,21674001,6631364
2021-07-18,179203,1252,2058,1,18953,10940543,0.047,1.18,3492.883,24.403,40.113,0.019,21677220,6632058
2021-07-19,180481,1278,2059,1,,,0.045,1.17,3517.793,24.91,40.132,0.019,21909412,6703872
2021-07-20,182265,1784,2060,1,,11007316,0.047,1.16,3552.565,34.772,40.152,0.019,22122159,6765678
2021-07-21,184103,1838,2063,3,,,0.049,1.15,3588.39,35.825,40.21,0.058,22301856,6805467
2021-07-22,185733,1630,2066,3,,,0.049,1.11,3620.16,31.771,40.269,0.058,22502783,6865540
2021-07-23,187362,1629,2068,2,,11110294,0.049,1.09,3651.912,31.751,40.308,0.039,22709852,6925690
2021-07-24,188848,1486,2073,5,,,0.05,1.08,3680.876,28.964,40.405,0.097,22750628,6936990
2021-07-25,190166,1318,2077,4,,,0.049,1.09,3706.565,25.689,40.483,0.078,22752544,6937198
2021-07-26,191531,1365,2079,2,,,0.051,1.09,3733.171,26.605,40.522,0.039,23437340,7002415
2021-07-27,193427,1896,2083,4,,11219195,0.053,1.07,3770.126,36.955,40.6,0.078,23868674,7051295
2021-07-28,195099,1672,2085,2,,,0.052,1.03,3802.715,32.589,40.639,0.039,24392063,7094162
2021-07-29,196806,1707,2089,4,,,0.052,1.01,3835.987,33.271,40.717,0.078,24783651,7137709
2021-07-30,198345,1539,2095,6,,11325753,0.051,0.99,3865.984,29.997,40.834,0.117,25341678,7198212
2021-07-31,199787,1442,2098,3,,,0.052,0.99,3894.09,28.106,40.893,0.058,25571224,7211894
2021-08-01,201002,1215,2099,1,,,0.052,1,3917.772,23.682,40.912,0.019,25599959,7212525
2021-08-02,202203,1201,2104,5,,,0.052,1,3941.181,23.409,41.01,0.097,26113915,7249090
2021-08-03,203926,1723,2106,2,,11421716,0.052,1.01,3974.764,33.583,41.048,0.039,26442315,7356524
2021-08-04,205702,1776,2109,3,,,0.053,1.04,4009.38,34.616,41.107,0.058,26719438,7466936
2021-08-05,207406,1704,2113,4,,,0.053,1.07,4042.593,33.213,41.185,0.078,27040828,7594150
2021-08-06,209228,1822,2116,3,,11524602,0.055,1.1,4078.106,35.513,41.243,0.058,27453984,7750384
2021-08-07,210956,1728,2121,5,26389,11550991,0.055,1.12,4111.787,33.681,41.341,0.097,27612139,7786465
2021-08-08,212448,1492,2125,4,10173,11561164,0.061,1.13,4140.868,29.081,41.419,0.078,27642378,7788828
2021-08-09,213987,1539,2134,9,29159,11590323,0.061,1.14,4170.865,29.997,41.594,0.175,28254259,7963047
2021-08-10,216206,2219,2135,1,55841,11646164,0.055,1.14,4214.116,43.251,41.614,0.019,28688151,8132726
2021-08-11,218192,1986,2138,3,21969,11668133,0.059,1.1,4252.826,38.71,41.672,0.058,29030702,8296445
2021-08-12,220182,1990,2144,6,29013,11697146,0.062,1.08,4291.613,38.788,41.789,0.117,29907663,9003793
2021-08-13,222111,1929,2148,4,21286,11718432,0.066,1.06,4329.212,37.599,41.867,0.078,30773331,9625130
2021-08-14,223928,1817,2156,8,28143,11746575,0.066,1.06,4364.627,35.416,42.023,0.156,31099665,9807911
2021-08-15,225481,1553,2167,11,,,0.066,1.03,4394.897,30.27,42.237,0.214,31123918,9813578
2021-08-16,226854,1373,2173,6,,,0.071,1,4421.658,26.761,42.354,0.117,32053310,10070365
2021-08-17,228657,1803,2178,5,,11784297,0.09,0.99,4456.801,35.143,42.452,0.097,33276004,10566957
2021-08-18,230808,2151,2191,13,42661,11826958,0.079,1.04,4498.727,41.926,42.705,0.253,34120993,10887191
2021-08-19,232859,2051,2197,6,39006,11865964,0.075,1.03,4538.703,39.976,42.822,0.117,34920771,11181219
2021-08-20,234739,1880,2202,5,41455,11907419,0.067,1.01,4575.347,36.643,42.92,0.097,35946135,11514786
2021-08-21,236366,1627,2215,13,57184,11964603,0.057,0.99,4607.059,31.712,43.173,0.253,36435335,11638647
2021-08-22,237782,1416,2222,7,,,0.055,1,4634.658,27.6,43.309,0.136,36478004,11641017
2021-08-23,239287,1505,2228,6,,12004786,0.053,1.01,4663.993,29.334,43.426,0.117,37581619,12360656
2021-08-24,241439,2152,2237,9,,,0.047,1.02,4705.938,41.945,43.602,0.175,38583335,12965717
2021-08-25,243317,1878,2257,20,,12109027,0.044,0.98,4742.542,36.604,43.992,0.39,39428945,13444243
2021-08-26,245158,1841,2265,8,47176,12156203,0.042,0.97,4778.426,35.883,44.148,0.156,40499917,13870839
2021-08-27,246951,1793,2276,11,53113,12209316,0.04,0.96,4813.373,34.948,44.362,0.214,41646929,14421777
2021-08-28,248568,1617,2279,3,30999,12240315,0.044,0.98,4844.891,31.517,44.42,0.058,42172935,14677424
2021-08-29,250051,1483,2284,5,13018,12253333,0.046,0.99,4873.796,28.905,44.518,0.097,42202942,14693383
2021-08-30,251421,1370,2285,1,29544,12282877,0.044,0.99,4900.499,26.703,44.537,0.019,43183176,15293502
2021-08-31,253445,2024,2292,7,60600,12343477,0.042,1,4939.949,39.45,44.674,0.136,43945845,15823920
2021-09-01,255401,1956,2303,11,27690,12371167,0.046,0.99,4978.074,38.125,44.888,0.214,44642438,16359046
2021-09-02,257110,1709,2308,5,32409,12403576,0.048,0.96,5011.384,33.31,44.986,0.097,45310675,16859261
2021-09-03,258913,1803,2315,7,57908,12461484,0.047,0.96,5046.527,35.143,45.122,0.136,46226803,17558660
2021-09-04,260404,1491,2321,6,38342,12499826,0.046,0.96,5075.588,29.061,45.239,0.117,46597561,17819583
2021-09-05,261778,1374,2327,6,8218,12508044,0.046,1,5102.369,26.781,45.356,0.117,46611775,17827814
2021-09-06,263374,1596,2330,3,17386,12525430,0.049,1.05,5133.477,31.108,45.415,0.058,47981374,18462677
2021-09-07,265423,2049,2334,4,56003,12581433,0.05,1.06,5173.415,39.937,45.492,0.078,48965638,18883895
2021-09-08,267470,2047,2343,9,,,0.047,1.05,5213.313,39.899,45.668,0.175,49646603,19191066
2021-09-09,269362,1892,2348,5,,12670949,0.046,1.02,5250.191,36.877,45.765,0.097,50367196,19483190
2021-09-10,271227,1865,2358,10,55435,12726384,0.046,1,5286.542,36.351,45.96,0.195,51427196,19900896
2021-09-11,272982,1755,2359,1,44002,12770386,0.046,1.02,5320.749,34.207,45.98,0.019,51958259,20113199
2021-09-12,274415,1433,2360,1,23371,12793757,0.044,1.02,5348.68,27.931,45.999,0.019,52002725,20138791
2021-09-13,275910,1495,2367,7,16247,12810004,0.044,1.02,5377.819,29.139,46.136,0.136,53246685,20561940
2021-09-14,277989,2079,2380,13,65825,12875829,0.043,1.04,5418.341,40.522,46.389,0.253,54063406,20786676
2021-09-15,279930,1941,2386,6,,,0.042,1.04,5456.174,37.832,46.506,0.117,54869876,21226941
2021-09-16,281938,2008,2389,3,,12970402,0.042,1.05,5495.312,39.138,46.564,0.058,55604571,21540896
2021-09-17,284022,2084,2394,5,47324,13017726,0.044,1.05,5535.932,40.62,46.662,0.097,56698832,21985788
2021-09-18,285931,1909,2404,10,51033,13068759,0.043,1.06,5573.141,37.209,46.857,0.195,57276818,22176186
2021-09-19,287536,1605,2409,5,19505,13088264,0.045,1.05,5604.424,31.283,46.954,0.097,57323909,22202183
2021-09-20,289263,1727,2413,4,9179,13097443,0.046,1.04,5638.085,33.661,47.032,0.078,57367827,22216116
2021-09-21,290983,1720,2419,6,17966,13115409,0.054,1,5671.61,33.525,47.149,0.117,57378605,22220349
2021-09-22,292699,1716,2427,8,,,0.066,1.05,5705.057,33.447,47.305,0.156,57421980,22236280
2021-09-23,295132,2433,2434,7,,13116349,0.09,1.22,5752.479,47.422,47.442,0.136,58356262,22613436
2021-09-24,298402,3270,2441,7,74836,13191185,0.083,1.36,5816.215,63.736,47.578,0.136,59384283,23028722
2021-09-25,301172,2770,2450,9,37932,13229117,0.095,1.34,5870.206,53.991,47.753,0.175,59912388,23244429
2021-09-26,303553,2381,2456,6,,,0.107,1.28,5916.615,46.409,47.87,0.117,59961988,23268297
2021-09-27,305842,2289,2464,8,,13245824,0.112,1.2,5961.23,44.615,48.026,0.156,61088109,23980768
2021-09-28,308725,2883,2474,10,44355,13290179,0.102,1.14,6017.423,56.193,48.221,0.195,62033052,24671432
2021-09-29,311289,2564,2481,7,57464,13347643,0.08,1.05,6067.399,49.975,48.358,0.136,62787648,25198598
2021-09-30,313773,2484,2497,16,46957,13394600,0.067,0.99,6115.815,48.416,48.67,0.312,63670975,25740973
2021-10-01,316020,2247,2504,7,,,0.074,0.93,6159.611,43.797,48.806,0.136,64767291,26602968
2021-10-02,318105,2085,2507,3,,13465168,0.072,0.92,6200.251,40.639,48.864,0.058,65297508,27010356
2021-10-03,319777,1672,2513,6,,,0.068,0.91,6232.84,32.589,48.981,0.117,65334295,27043808
2021-10-04,321352,1575,2524,11,,13485031,0.065,0.9,6263.539,30.699,49.196,0.214,65569829,27254002
2021-10-05,323379,2027,2536,12,18100,13503131,0.069,0.9,6303.047,39.509,49.43,0.234,66379568,28021171
2021-10-06,325804,2425,2544,8,58019,13561150,0.068,0.93,6350.313,47.266,49.586,0.156,66925733,28532894
2021-10-07,327976,2172,2554,10,33087,13594237,0.071,0.9,6392.648,42.335,49.781,0.195,67672066,29244629
2021-10-08,329925,1949,2560,6,55107,13649344,0.063,0.85,6430.637,37.988,49.897,0.117,68814757,30344380
2021-10-09,331519,1594,2575,15,29407,13678751,0.063,0.83,6461.706,31.069,50.19,0.292,68929204,30448389
2021-10-10,332816,1297,2583,8,11195,13689946,0.061,0.83,6486.986,25.28,50.346,0.156,68949797,30466516
2021-10-11,334163,1347,2594,11,31728,13721674,0.054,0.83,6513.24,26.255,50.56,0.214,69209640,30632784
2021-10-12,335742,1579,2605,11,,,0.021,0.82,6544.017,30.777,50.775,0.214,69916677,31234455
2021-10-13,337679,1937,2618,13,,,0.014,0.85,6581.772,37.754,51.028,0.253,70385783,31646551
2021-10-14,339361,1682,2626,8,,,0.009,0.84,6614.556,32.784,51.184,0.156,70899267,32104788
2021-10-15,340978,1617,2644,18,,15152526,0.007,0.83,6646.073,31.517,51.535,0.351,71710252,32826156
2021-10-16,342396,1418,2660,16,,,0.007,0.82,6673.712,27.639,51.847,0.312,72129339,33181575
2021-10-17,343445,1049,2668,8,,,0.007,0.82,6694.158,20.446,52.003,0.156,72150552,33201375
2021-10-18,344518,1073,2689,21,,,0.007,0.83,6715.072,20.914,52.412,0.409,72853637,33832457
2021-10-19,346088,1570,2698,9,,15296834,0.008,0.86,6745.673,30.601,52.587,0.175,73339328,34280053
2021-10-20,347529,1441,2709,11,47898,15344732,0.011,0.85,6773.76,28.087,52.802,0.214,73735644,34604540
2021-10-21,348969,1440,2725,16,47275,15392007,0.016,0.87,6801.827,28.067,53.114,0.312,74208512,35013513
2021-10-22,350476,1507,2745,20,45380,15437387,0.033,0.9,6831.201,29.373,53.503,0.39,74912581,35647431
2021-10-23,351899,1423,2766,21,,,0.034,0.92,6858.937,27.736,53.913,0.409,75298138,35981447
2021-10-24,353089,1190,2773,7,,15504985,0.034,,6882.131,23.195,54.049,0.136,75318413,35998383
2021-10-25,354355,1266,2788,15,25493,15530478,0.036,,6906.807,24.676,54.341,0.292,75837715,36431541
2021-10-26,356305,1950,2797,9,48952,15579430,,,6944.815,38.008,54.517,0.175,76167236,36709777
